Row_ID,City,Room_Type,Painting_Material_Est,Painting_Labor_Est,Flooring_Material_Est,Flooring_Labor_Est,Ceiling_Material_Est,Ceiling_Labor_Est,Electrical_Material_Est,Electrical_Labor_Est,Kitchen_Package_Cost_Est,Bathroom_Package_Cost_Est,Grand_Total_Quantity,Total_Cost_per_Sqft_Q
1,Kanpur,Bedroom,7776.0,2916.0,6273.0,2066.4,0.0,0.0,6075.0,2430.0,0.0,0.0,37483.8694272,457.12035886829267
2,Delhi,Kids Room,44651.52,16744.319999999996,46512.0,15321.599999999999,0.0,10834.560000000001,9180.0,3672.0,0.0,0.0,199989.11116800003,438.57261221052636
3,Hyderabad,Bathroom,12326.16,4622.3099999999995,19843.25,6536.599999999999,0.0,0.0,4657.5,1862.9999999999998,0.0,0.0,67856.60652736,334.2689976717241
4,Indore,Bathroom,10036.224,3763.584,16156.8,5322.24,0.0,0.0,0.0,0.0,0.0,0.0,48023.261282303996,242.541723648
5,Chennai,Dining,25850.880000000005,9694.080000000002,28611.000000000004,9424.800000000001,0.0,0.0,7425.000000000001,2970.0000000000005,0.0,0.0,114311.83534848002,373.5680893741177
6,Kolkata,Bathroom,3748.8,1405.8000000000002,6035.0,1988.0,0.0,0.0,3150.0,1260.0,0.0,0.0,23941.0853248,337.198384856338
7,Jaipur,Living Room,7961.759999999999,2985.6599999999994,7832.75,2580.2,0.0,1723.205,8122.5,3249.0,0.0,0.0,46901.9019336,483.5247622020618
8,Delhi,Dining,30873.6,11577.6,34170.0,11256.0,0.0,0.0,8100.0,3240.0,0.0,0.0,135059.2150656,403.16183601671645
9,Vadodara,Kitchen,19262.88,7223.58,22740.899999999998,7491.12,0.0,5297.292,11466.0,4586.4,0.0,0.0,106270.14299865598,389.2679230719999
10,Pune,Kids Room,21379.199999999997,8017.2,22270.0,7336.0,0.0,4899.4,6300.0,2520.0,0.0,0.0,98992.40480639997,377.8336061312976
11,Bangalore,Kids Room,12974.400000000001,4865.400000000001,13515.0,4452.0,0.0,0.0,5400.0,2160.0,0.0,0.0,59032.969766400005,371.2765394113208
12,Bangalore,Dining,13209.599999999999,4953.599999999999,14620.0,4816.0,0.0,0.0,5850.0,2340.0,0.0,0.0,62330.456921599995,362.3863774511628
13,Patna,Living Room,17280.0,6480.0,17000.0,5600.0,0.0,3740.0,9450.0,3780.0,0.0,0.0,86207.83584,431.0391792
14,Ranchi,Dining,10828.800000000001,4060.8,11985.0,3948.0,0.0,0.0,0.0,0.0,0.0,0.0,41957.2026048,297.5688128
15,Kolkata,Bathroom,4276.8,1603.8000000000002,6885.0,2268.0,0.0,0.0,3150.0,1260.0,0.0,0.0,26467.5616128,326.7600199111111
16,Bangalore,Kids Room,16564.8,6211.799999999999,17255.0,5684.0,0.0,4019.4000000000005,5850.0,2340.0,0.0,0.0,78850.2904,388.425075862069
17,Varanasi,Living Room,21081.6,7905.599999999999,20740.0,6832.0,0.0,0.0,9900.0,3960.0,0.0,0.0,95857.99516159999,392.8606359081967
18,Coimbatore,Bathroom,14889.600000000002,5583.6,23970.0,7896.0,0.0,0.0,4500.0,1800.0,0.0,0.0,79822.49372160001,283.05848837446814
19,Kanpur,Dining,11266.560000000001,4224.960000000001,12469.5,4107.6,0.0,0.0,4860.0,1944.0,0.0,0.0,52915.27622976,324.6335965015951
20,Chandigarh,Bathroom,24710.4,9266.400000000001,39780.0,13104.0,0.0,0.0,5850.0,2340.0,0.0,0.0,129387.7113984,276.4694688
21,Bangalore,Bathroom,13992.0,5247.0,22525.0,7420.0,0.0,0.0,4500.0,1800.0,0.0,0.0,75527.484032,285.0093737056603
22,Varanasi,Study,34790.4,13046.400000000001,38505.0,12684.0,0.0,8969.4,7650.0,3060.0,0.0,0.0,161587.2160896,356.7046712794702
23,Surat,Living Room,33004.8,12376.800000000001,32470.0,10696.0,0.0,0.0,0.0,0.0,0.0,0.0,120535.2434048,315.53728639999997
24,Jaipur,Dining,28819.199999999997,10807.199999999999,31896.25,10507.0,0.0,0.0,6840.0,2736.0,0.0,0.0,124698.00785119999,315.691159116962
25,Bhopal,Bedroom,22684.8,8506.8,23630.0,7784.0,0.0,0.0,7200.0,2880.0,0.0,0.0,98943.12762880001,355.91053103884894
26,Guwahati,Study,19276.800000000003,7228.8,21335.0,7028.0,0.0,4969.8,0.0,0.0,0.0,0.0,81454.90232320002,324.52152320000005
27,Mysuru,Living Room,18662.4,6998.400000000001,18360.0,6048.0,0.0,0.0,0.0,0.0,0.0,0.0,68156.0538624,315.5372864
28,Lucknow,Study,27110.4,10166.400000000001,30005.0,9884.0,0.0,0.0,6750.0,2700.0,0.0,0.0,117905.58451840002,334.01015444305955
29,Indore,Living Room,44209.151999999995,16578.432,43492.799999999996,14327.039999999999,0.0,10131.264,11232.0,4492.8,0.0,0.0,196650.63411302393,368.95053304507303
30,Guwahati,Study,8985.6,3369.6000000000004,9945.0,3276.0,0.0,2316.6,0.0,0.0,0.0,0.0,37969.0182144,324.5215232
31,Ahmedabad,Study,10828.800000000001,4060.8,11985.0,3948.0,0.0,2791.8,5400.0,2160.0,0.0,0.0,56048.5696512,397.5075861787234
32,Varanasi,Kids Room,16238.400000000001,6089.400000000001,16915.0,5572.0,0.0,3721.3,0.0,0.0,0.0,0.0,66069.6690528,332.0083872
33,Indore,Kitchen,15552.0,5832.0,18360.0,6048.0,0.0,4039.2,0.0,0.0,0.0,0.0,67832.6213376,301.478317056
34,Ahmedabad,Kids Room,41452.8,15544.800000000001,43180.0,14224.0,0.0,0.0,0.0,0.0,0.0,0.0,155728.94919679998,306.55304959999995
35,Delhi,Kitchen,36115.2,13543.199999999999,42636.0,14044.8,0.0,9931.679999999998,15120.0,6048.0,0.0,0.0,187088.40052223997,447.57990555559803
36,Ranchi,Kitchen,35064.0,13149.0,41395.0,13636.0,0.0,9642.6,0.0,0.0,0.0,0.0,153666.65847680002,315.5372864
37,Jaipur,Living Room,35130.24,13173.839999999998,34561.0,11384.8,0.0,8050.679999999999,0.0,0.0,0.0,0.0,139256.43269887997,325.3654969599999
38,Chennai,Living Room,27656.640000000003,10371.240000000002,27208.500000000004,8962.800000000001,0.0,0.0,10890.0,4356.0,0.0,0.0,121757.07238464,418.40918345237117
39,Surat,Dining,16281.600000000002,6105.6,18020.0,5936.0,0.0,3964.3999999999996,5850.0,2340.0,0.0,0.0,79629.74100480002,375.6119858716982
40,Jaipur,Kids Room,21783.12,8168.67,22690.75,7474.599999999999,0.0,5285.61,5985.0,2394.0,0.0,0.0,100435.259624,357.4208527544484
41,Patna,Kitchen,8136.0,3051.0,9605.0,3164.0,0.0,0.0,10800.0,4320.0,0.0,0.0,53192.12684799999,470.7267862654867
42,Mumbai,Kitchen,39456.0,14796.0,46580.0,15344.0,0.0,10850.4,13500.0,5400.0,0.0,0.0,198642.02014719995,362.4854382248174
43,Mumbai,Bathroom,10665.6,3999.6000000000004,17170.0,5656.0,0.0,0.0,0.0,0.0,0.0,0.0,51034.821017599985,252.64762879999992
44,Chennai,Kids Room,45059.520000000004,16897.32,46937.00000000001,15461.6,0.0,10933.560000000001,0.0,0.0,0.0,0.0,184161.88067200003,366.85633600000006
45,Chandigarh,Living Room,45187.2,16945.2,44455.0,14644.0,0.0,9780.1,0.0,0.0,0.0,0.0,178339.142352,340.992624
46,Jaipur,Bathroom,15649.920000000002,5868.72,25194.0,8299.199999999999,0.0,0.0,4702.5,1881.0,0.0,0.0,83846.53338431999,268.7388890523077
47,Bangalore,Bedroom,22603.199999999997,8476.199999999999,23545.0,7756.0,0.0,0.0,0.0,0.0,0.0,0.0,84915.19473919999,306.55304959999995
48,Pune,Living Room,33264.0,12474.0,32725.0,10780.0,0.0,0.0,0.0,0.0,0.0,0.0,121481.855264,315.53728639999997
49,Delhi,Living Room,50492.16,18934.56,49674.0,16363.199999999999,0.0,0.0,13500.0,5400.0,0.0,0.0,210127.57737216,431.47346482989735
50,Coimbatore,Study,20966.4,7862.400000000001,23205.0,7644.0,0.0,5105.099999999999,6300.0,2520.0,0.0,0.0,100191.8004192,367.00293193846153
51,Ahmedabad,Dining,25958.4,9734.400000000001,28730.0,9464.0,0.0,6320.6,6750.0,2700.0,0.0,0.0,122045.9564352,361.08271134674555
52,Jaipur,Study,16926.72,6347.52,18734.0,6171.2,0.0,4121.48,0.0,0.0,0.0,0.0,71194.52274816,306.87294288
53,Coimbatore,Study,39398.4,14774.400000000001,43605.0,14364.0,0.0,10157.4,8100.0,3240.0,0.0,0.0,181916.09372160002,354.61226846315793
54,Mumbai,Bathroom,26716.800000000003,10018.800000000001,43010.0,14168.0,0.0,0.0,6300.0,2520.0,0.0,0.0,139845.90753280002,276.3753113296443
55,Varanasi,Dining,7296.0,2736.0,8075.0,2660.0,0.0,1881.0,4950.0,1980.0,0.0,0.0,40262.993344,423.8209825684211
56,Mysuru,Kids Room,42758.399999999994,16034.4,44540.0,14672.0,0.0,10375.2,8100.0,3240.0,0.0,0.0,190193.57056,362.9648293129771
57,Kolkata,Living Room,40521.600000000006,15195.6,39865.0,13132.0,0.0,9286.2,11250.0,4500.0,0.0,0.0,182067.46449920002,388.20354903880605
58,Guwahati,Living Room,42249.600000000006,15843.6,41565.0,13692.0,0.0,9144.3,11250.0,4500.0,0.0,0.0,188185.049136,384.83650130061346
59,Hyderabad,Kids Room,38755.92,14533.47,40370.75,13298.599999999999,0.0,0.0,8280.0,3311.9999999999995,0.0,0.0,161376.95772352,390.74323904
60,Mumbai,Living Room,23414.4,8780.4,23035.0,7588.0,0.0,0.0,9900.0,3960.0,0.0,0.0,104377.5018944,385.1568335586716
61,Surat,Kitchen,30816.0,11556.0,36380.0,11984.0,0.0,0.0,12600.0,5040.0,0.0,0.0,147526.613248,344.6883487102804
62,Pune,Bedroom,18033.6,6762.599999999999,18785.0,6188.0,0.0,4375.8,6750.0,2700.0,0.0,0.0,86568.56655999999,391.71297085972844
63,Guwahati,Kids Room,12729.599999999999,4773.599999999999,13260.0,4368.0,0.0,0.0,5400.0,2160.0,0.0,0.0,58113.310617599986,372.5212219076922
64,Varanasi,Living Room,45532.8,17074.8,44795.0,14756.0,0.0,10434.6,0.0,0.0,0.0,0.0,180492.2283136,342.48999680000003
65,Kolkata,Bathroom,16790.4,6296.400000000001,27030.0,8904.0,0.0,0.0,4950.0,1980.0,0.0,0.0,89775.39459840002,282.3125616301887
66,Jaipur,Kids Room,11240.4,4215.15,11708.75,3857.0,0.0,0.0,5130.0,2052.0,0.0,0.0,52004.16571840001,358.64941874758625
67,Vadodara,Kids Room,27588.96,10345.86,28738.5,9466.8,0.0,0.0,6615.0,2646.0,0.0,0.0,116252.10379776,336.9626197036522
68,Surat,Dining,38323.200000000004,14371.2,42415.0,13972.0,0.0,0.0,0.0,0.0,0.0,0.0,148486.8375872,297.5688128
69,Delhi,Bedroom,8910.72,3341.52,9282.0,3057.6,0.0,0.0,7020.0,2808.0,0.0,0.0,46853.93836031999,514.8784435199999
70,Chennai,Kitchen,38253.600000000006,14345.1,45160.50000000001,14876.400000000001,0.0,10519.74,0.0,0.0,0.0,0.0,167644.96026432002,347.09101504000006
71,Jaipur,Bathroom,4062.96,1523.6100000000001,6540.75,2154.6,0.0,0.0,2992.5,1197.0,0.0,0.0,25144.183532159997,310.4220189155555
72,Jaipur,Bedroom,19767.6,7412.849999999999,20591.25,6783.0,0.0,0.0,0.0,0.0,0.0,0.0,74262.4762656,291.22539711999997
73,Chennai,Kitchen,40946.4,15354.900000000001,48339.50000000001,15923.600000000002,0.0,0.0,0.0,0.0,0.0,0.0,164118.04837120004,317.4430336000001
74,Bhopal,Kitchen,38448.0,14418.0,45390.0,14952.0,0.0,9985.8,13500.0,5400.0,0.0,0.0,193424.9010624,362.218915847191
75,Varanasi,Bathroom,17001.600000000002,6375.6,27370.0,9016.0,0.0,0.0,4950.0,1980.0,0.0,0.0,90785.9851136,281.9440531478261
76,Patna,Kids Room,33945.6,12729.599999999999,35360.0,11648.0,0.0,8236.800000000001,7200.0,2880.0,0.0,0.0,152459.77599999998,366.4898461538461
77,Chandigarh,Living Room,32486.4,12182.400000000001,31960.0,10528.0,0.0,0.0,0.0,0.0,0.0,0.0,118642.0196864,315.5372864
78,Mumbai,Kids Room,9139.2,3427.2000000000003,9520.0,3136.0,0.0,0.0,5400.0,2160.0,0.0,0.0,44624.976435200006,398.43728960000004
79,Chennai,Kids Room,28005.12,10501.92,29172.000000000004,9609.6,0.0,0.0,0.0,0.0,0.0,0.0,105209.00662272002,337.20835456000003
80,Varanasi,Bedroom,12892.8,4834.799999999999,13430.0,4424.0,0.0,0.0,0.0,0.0,0.0,0.0,48435.38183679999,306.55304959999995
81,Jaipur,Kitchen,24966.0,9362.25,29473.75,9709.0,0.0,0.0,0.0,0.0,0.0,0.0,100066.701728,274.1553472
82,Ranchi,Bedroom,8078.4,3029.3999999999996,8415.0,2772.0,0.0,1851.2999999999997,5850.0,2340.0,0.0,0.0,44017.45145279999,444.6207217454545
83,Surat,Study,7680.0,2880.0,8500.0,2800.0,0.0,1980.0,0.0,0.0,0.0,0.0,32452.15232,324.5215232
84,Patna,Bathroom,17054.4,6395.400000000001,27455.0,9044.0,0.0,0.0,4950.0,1980.0,0.0,0.0,91038.6327424,281.85335214365324
85,Bangalore,Bedroom,28968.0,10863.0,30175.0,9940.0,0.0,0.0,0.0,0.0,0.0,0.0,108826.332608,306.5530496
86,Varanasi,Kids Room,18196.8,6823.799999999999,18955.0,6244.0,0.0,4415.400000000001,5850.0,2340.0,0.0,0.0,85520.4056,383.4995766816143
87,Mysuru,Living Room,39398.4,14774.400000000001,38760.0,12768.0,0.0,9028.800000000001,0.0,0.0,0.0,0.0,156175.4385408,342.48999680000003
88,Pune,Kids Room,41208.0,15453.0,42925.0,14140.0,0.0,9999.0,8100.0,3240.0,0.0,0.0,183856.96112,364.0731903366337
89,Surat,Kitchen,19296.0,7236.0,22780.0,7504.0,0.0,0.0,11700.0,4680.0,0.0,0.0,99637.908608,371.78324107462686
90,Kanpur,Bedroom,23574.239999999998,8840.339999999998,24556.5,8089.2,0.0,0.0,0.0,0.0,0.0,0.0,88563.17602943999,275.89774464
91,Patna,Bathroom,3960.0,1485.0,6375.0,2100.0,0.0,0.0,3150.0,1260.0,0.0,0.0,24951.67584,332.6890112
92,Ahmedabad,Kitchen,28656.0,10746.0,33830.0,11144.0,0.0,0.0,0.0,0.0,0.0,0.0,114856.66124799999,288.58457599999997
93,Pune,Kids Room,32803.2,12301.199999999999,34170.0,11256.0,0.0,0.0,7200.0,2880.0,0.0,0.0,136955.70577919998,340.68583527164174
94,Nagpur,Study,38400.0,14400.0,42500.0,14000.0,0.0,0.0,0.0,0.0,0.0,0.0,148784.40639999998,297.56881279999993
95,Vadodara,Living Room,33530.112,12573.792000000001,32986.8,10866.24,0.0,7683.984000000001,10584.0,4233.6,0.0,0.0,153083.946322944,386.5756220276363
96,Guwahati,Dining,34252.8,12844.800000000001,37910.0,12488.0,0.0,8340.199999999999,7650.0,3060.0,0.0,0.0,158647.7371584,355.7124151533632
97,Jaipur,Bedroom,40698.0,15261.75,42393.75,13965.0,0.0,9326.625,8550.0,3420.0,0.0,0.0,181883.32167599996,346.44442223999994
98,Ranchi,Living Room,30585.600000000002,11469.6,30090.0,9912.0,0.0,0.0,10350.0,4140.0,0.0,0.0,131424.6829056,371.2561664
99,Guwahati,Bathroom,18427.2,6910.200000000001,29665.0,9772.0,0.0,0.0,4950.0,1980.0,0.0,0.0,97607.47109119999,279.6775675965616
100,Hyderabad,Kitchen,14572.8,5464.799999999999,17204.0,5667.2,0.0,3784.8799999999997,12937.499999999998,5175.0,0.0,0.0,88217.28291263999,501.2345620036363
101,Mysuru,Bedroom,6528.0,2448.0,6800.0,2240.0,0.0,0.0,5850.0,2340.0,0.0,0.0,35672.865088,445.9108136
102,Bangalore,Dining,9062.400000000001,3398.4,10030.0,3304.0,0.0,0.0,5400.0,2160.0,0.0,0.0,45404.1547904,384.78097280000003
103,Hyderabad,Living Room,21461.76,8048.16,21114.0,6955.2,0.0,4918.32,10867.5,4347.0,0.0,0.0,105785.22290112,489.74640231999996
104,Varanasi,Bathroom,14203.2,5326.200000000001,22865.0,7532.0,0.0,0.0,4500.0,1800.0,0.0,0.0,76538.0745472,284.52815816802973
105,Pune,Bathroom,6283.200000000001,2356.2000000000003,10115.0,3332.0,0.0,0.0,3600.0,1440.0,0.0,0.0,36925.757747200005,310.3004852705883
106,Ranchi,Kitchen,23400.0,8775.0,27625.0,9100.0,0.0,0.0,0.0,0.0,0.0,0.0,93789.98719999999,288.58457599999997
107,Ahmedabad,Kids Room,38678.399999999994,14504.4,40290.0,13272.0,0.0,9385.2,0.0,0.0,0.0,0.0,158081.73023999998,333.50575999999995
108,Bangalore,Kids Room,26601.6,9975.599999999999,27710.0,9128.0,0.0,0.0,0.0,0.0,0.0,0.0,99936.2941696,306.5530496
109,Pune,Study,38860.8,14572.800000000001,43010.0,14168.0,0.0,0.0,8100.0,3240.0,0.0,0.0,166006.37159680002,328.07583319525696
110,Chandigarh,Study,21734.4,8150.400000000001,24055.0,7924.0,0.0,5292.099999999999,0.0,0.0,0.0,0.0,91415.83456320001,323.02415040000005
111,Pune,Study,32947.200000000004,12355.2,36465.0,12012.0,0.0,8022.299999999999,0.0,0.0,0.0,0.0,138577.36052160003,323.02415040000005
112,Chandigarh,Dining,24115.2,9043.2,26690.0,8792.0,0.0,6217.200000000001,6750.0,2700.0,0.0,0.0,114763.55188479999,365.48901874140125
113,Lucknow,Living Room,7689.6,2883.6000000000004,7565.0,2492.0,0.0,1664.2999999999997,0.0,0.0,0.0,0.0,30348.343536,340.992624
114,Vadodara,Study,39664.128000000004,14874.048,43899.1,14460.88,0.0,10225.908,7938.0,3175.2,0.0,0.0,182730.20714547203,346.7366359496623
115,Lucknow,Dining,7680.0,2880.0,8500.0,2800.0,0.0,0.0,5400.0,2160.0,0.0,0.0,40047.91615999999,400.47916159999994
116,Kanpur,Bathroom,8411.04,3154.1400000000003,13540.5,4460.400000000001,0.0,0.0,3645.0,1458.0,0.0,0.0,47193.21581184,266.62833792
117,Ranchi,Kids Room,17544.0,6579.0,18275.0,6020.0,0.0,0.0,5850.0,2340.0,0.0,0.0,77057.526784,358.4071013209302
118,Mumbai,Living Room,35510.4,13316.400000000001,34935.0,11508.0,0.0,7685.699999999999,10800.0,4320.0,0.0,0.0,160730.038224,391.07065261313863
119,Bangalore,Living Room,11664.0,4374.0,11475.0,3780.0,0.0,0.0,9000.0,3600.0,0.0,0.0,59749.258464,442.58709973333333
120,Surat,Bathroom,16684.800000000003,6256.8,26860.0,8848.0,0.0,0.0,4950.0,1980.0,0.0,0.0,89270.09934080002,282.5003143696203
121,Lucknow,Kids Room,8568.0,3213.0,8925.0,2940.0,0.0,0.0,0.0,0.0,0.0,0.0,32188.070208,306.5530496
122,Kolkata,Kitchen,14688.0,5508.0,17340.0,5712.0,0.0,0.0,0.0,0.0,0.0,0.0,58871.253504,288.584576
123,Indore,Bathroom,10086.912,3782.592,16238.4,5349.12,0.0,0.0,0.0,0.0,0.0,0.0,48265.80300595201,242.54172364800004
124,Ahmedabad,Dining,36556.8,13708.800000000001,40460.0,13328.0,0.0,0.0,7650.0,3060.0,0.0,0.0,156221.72097280002,328.19689280000006
125,Indore,Dining,12238.848,4589.568,13545.6,4462.08,0.0,0.0,5184.0,2073.6,0.0,0.0,57299.959492608,345.18047887113255
126,Patna,Study,38169.600000000006,14313.6,42245.0,13916.0,0.0,0.0,0.0,0.0,0.0,0.0,147891.6999616,297.56881280000005
127,Guwahati,Living Room,32572.800000000003,12214.800000000001,32045.0,10556.0,0.0,7464.6,0.0,0.0,0.0,0.0,129118.72879360002,342.48999680000003
128,Vadodara,Living Room,41827.96800000001,15685.488,41150.2,13555.36,0.0,9585.576000000001,0.0,0.0,0.0,0.0,165806.25725081598,335.64019686399996
129,Guwahati,Dining,38246.4,14342.400000000001,42330.0,13944.0,0.0,9860.4,7650.0,3060.0,0.0,0.0,176190.6846336,353.7965554891566
130,Hyderabad,Bedroom,15858.960000000001,5947.110000000001,16519.75,5441.799999999999,0.0,3848.1299999999997,7762.499999999999,3104.9999999999995,0.0,0.0,79610.20709599998,471.0663141775147
131,Ranchi,Living Room,28944.0,10854.0,28475.0,9380.0,0.0,0.0,0.0,0.0,0.0,0.0,105704.99094399999,315.53728639999997
132,Coimbatore,Living Room,45360.0,17010.0,44625.0,14700.0,0.0,0.0,11700.0,4680.0,0.0,0.0,187954.3176,358.00822400000004
133,Delhi,Kids Room,39755.52,14908.319999999998,41412.0,13641.6,0.0,9646.560000000001,8640.0,3456.0,0.0,0.0,178949.66207999998,440.76271448275855
134,Indore,Study,13565.952,5087.232000000001,15014.4,4945.92,0.0,0.0,5616.0,2246.4,0.0,0.0,63265.231368192,343.8327791749565
135,Mumbai,Dining,34483.200000000004,12931.2,38165.0,12572.0,0.0,0.0,0.0,0.0,0.0,0.0,133608.3969472,297.5688128
136,Chandigarh,Bathroom,19747.2,7405.200000000001,31790.0,10472.0,0.0,0.0,5400.0,2160.0,0.0,0.0,104781.24805119999,280.1637648427807
137,Pune,Kitchen,27504.0,10314.0,32470.0,10696.0,0.0,0.0,12600.0,5040.0,0.0,0.0,134251.722752,351.44430039790575
138,Ranchi,Bedroom,5956.799999999999,2233.7999999999997,6205.0,2044.0,0.0,0.0,0.0,0.0,0.0,0.0,22378.372620799993,306.5530495999999
139,Ahmedabad,Bedroom,37209.6,13953.599999999999,38760.0,12768.0,0.0,0.0,8550.0,3420.0,0.0,0.0,156082.32917759998,342.28580959999994
140,Jaipur,Kids Room,11705.519999999999,4389.57,12193.25,4016.6,0.0,0.0,5130.0,2052.0,0.0,0.0,53751.518101120004,355.9703185504636
141,Bhopal,Living Room,26784.0,10044.0,26350.0,8680.0,0.0,0.0,10350.0,4140.0,0.0,0.0,117541.042304,379.1646525935484
142,Kolkata,Dining,33484.8,12556.800000000001,37060.0,12208.0,0.0,0.0,0.0,0.0,0.0,0.0,129740.00238080001,297.56881280000005
143,Ahmedabad,Living Room,34732.8,13024.800000000001,34170.0,11256.0,0.0,0.0,10800.0,4320.0,0.0,0.0,147428.0588928,366.73646490746273
144,Nagpur,Bedroom,14606.400000000001,5477.400000000001,15215.0,5012.0,0.0,3347.3,6750.0,2700.0,0.0,0.0,72293.29490880002,403.8731559150839
145,Kanpur,Bedroom,15716.160000000002,5893.56,16371.0,5392.8,0.0,3813.48,6075.0,2430.0,0.0,0.0,75810.62361600001,354.2552505420561
146,Bangalore,Bedroom,38352.0,14382.0,39950.0,13160.0,0.0,0.0,8550.0,3420.0,0.0,0.0,160374.071872,341.2214295148936
147,Mumbai,Bedroom,39004.8,14626.800000000001,40630.0,13384.0,0.0,0.0,8550.0,3420.0,0.0,0.0,162826.4962688,340.64120558326357
148,Mumbai,Kids Room,11913.599999999999,4467.599999999999,12410.0,4088.0,0.0,2890.8,5400.0,2160.0,0.0,0.0,58982.87583999999,403.99230027397255
149,Varanasi,Kids Room,18931.199999999997,7099.2,19720.0,6496.0,0.0,4338.4,5850.0,2340.0,0.0,0.0,88174.5669504,380.06278857931034
150,Ahmedabad,Bedroom,23664.0,8874.0,24650.0,8120.0,0.0,0.0,7200.0,2880.0,0.0,0.0,102621.764224,353.8681524965517
151,Guwahati,Bathroom,21806.4,8177.400000000001,35105.0,11564.0,0.0,0.0,5400.0,2160.0,0.0,0.0,114634.50557440001,277.56538880000005
152,Pune,Bathroom,24552.000000000004,9207.000000000002,39525.0,13020.0,0.0,0.0,0.0,0.0,0.0,0.0,117481.147392,252.6476288
153,Bhopal,Dining,34099.200000000004,12787.2,37740.0,12432.0,0.0,8791.2,0.0,0.0,0.0,0.0,144087.5563008,324.5215232
154,Mysuru,Dining,37094.4,13910.400000000001,41055.0,13524.0,0.0,0.0,7650.0,3060.0,0.0,0.0,158304.7026624,327.7530075826087
155,Delhi,Dining,11151.36,4181.76,12342.0,4065.6,0.0,2874.96,0.0,0.0,0.0,0.0,47120.52516864,389.42582784
156,Mysuru,Kitchen,28944.0,10854.0,34170.0,11256.0,0.0,0.0,0.0,0.0,0.0,0.0,116010.99955200001,288.584576
157,Guwahati,Living Room,38188.8,14320.800000000001,37570.0,12376.0,0.0,8751.6,0.0,0.0,0.0,0.0,151380.57858560001,342.48999680000003
158,Jaipur,Bathroom,22521.84,8445.69,36256.75,11943.4,0.0,0.0,5557.5,2223.0,0.0,0.0,118358.03612863999,263.60364393906457
159,Varanasi,Kitchen,20376.0,7641.0,24055.0,7924.0,0.0,0.0,11700.0,4680.0,0.0,0.0,103966.677248,367.37341783745586
160,Patna,Dining,5606.400000000001,2102.4,6205.0,2044.0,0.0,0.0,4950.0,1980.0,0.0,0.0,31155.9719744,426.79413663561644
161,Nagpur,Bathroom,19641.600000000002,7365.6,31620.0,10416.0,0.0,0.0,5400.0,2160.0,0.0,0.0,104275.95279360002,280.31170105806456
162,Ahmedabad,Living Room,36979.2,13867.199999999999,36380.0,11984.0,0.0,0.0,10800.0,4320.0,0.0,0.0,155632.0283392,363.62623443738323
163,Ahmedabad,Dining,36096.0,13536.0,39950.0,13160.0,0.0,0.0,7650.0,3060.0,0.0,0.0,154436.308096,328.5878895659574
164,Ranchi,Living Room,29462.4,11048.400000000001,28985.0,9548.0,0.0,6751.800000000001,10350.0,4140.0,0.0,0.0,136513.5724288,400.33305697595307
165,Bangalore,Study,8140.800000000001,3052.8,9010.0,2968.0,0.0,2098.8,0.0,0.0,0.0,0.0,34399.2814592,324.5215232
166,Varanasi,Living Room,41212.8,15454.800000000001,40545.0,13356.0,0.0,0.0,11250.0,4500.0,0.0,0.0,171950.9416128,360.4841543245283
167,Coimbatore,Bedroom,7262.4,2723.3999999999996,7565.0,2492.0,0.0,0.0,5850.0,2340.0,0.0,0.0,38431.8425344,431.81845544269663
168,Bhopal,Dining,5606.400000000001,2102.4,6205.0,2044.0,0.0,0.0,4950.0,1980.0,0.0,0.0,31155.9719744,426.79413663561644
169,Mumbai,Living Room,16675.2,6253.200000000001,16405.0,5404.0,0.0,3609.0999999999995,9450.0,3780.0,0.0,0.0,83820.887472,434.3051164352332
170,Ranchi,Bedroom,14688.0,5508.0,15300.0,5040.0,0.0,3366.0,6750.0,2700.0,0.0,0.0,72625.303296,403.4739072
171,Vadodara,Living Room,44029.44,16511.04,43316.0,14268.8,0.0,0.0,11466.0,4586.4,0.0,0.0,182649.09854464003,351.24826643200004
172,Chennai,Bathroom,22186.560000000005,8319.960000000001,35717.0,11765.6,0.0,0.0,5940.000000000001,2376.0,0.0,0.0,117482.67198976001,307.54626175329844
173,Coimbatore,Kids Room,33048.0,12393.0,34425.0,11340.0,0.0,0.0,7200.0,2880.0,0.0,0.0,137875.36492800002,340.43299982222226
174,Kolkata,Study,23577.600000000002,8841.6,26095.0,8596.0,0.0,5740.9,0.0,0.0,0.0,0.0,99168.4141728,323.0241504
175,Mysuru,Bedroom,41697.6,15636.599999999999,43435.0,14308.0,0.0,9555.699999999999,9000.0,3600.0,0.0,0.0,186808.0106592,365.57340637808215
176,Nagpur,Dining,23193.600000000002,8697.6,25670.0,8456.0,0.0,5979.6,6750.0,2700.0,0.0,0.0,110869.29360640001,367.11686624635763
177,Kolkata,Bathroom,11616.000000000002,4356.000000000001,18700.0,6160.0,0.0,0.0,4050.0,1620.0,0.0,0.0,63300.754495999994,287.7307022545454
178,Patna,Bedroom,38923.2,14596.199999999999,40545.0,13356.0,0.0,9444.6,0.0,0.0,0.0,0.0,159082.24752,333.50576
179,Mysuru,Dining,22272.0,8352.0,24650.0,8120.0,0.0,5742.0,6300.0,2520.0,0.0,0.0,106117.449088,365.92223823448273
180,Lucknow,Kids Room,14932.8,5599.799999999999,15555.0,5124.0,0.0,3623.4000000000005,0.0,0.0,0.0,0.0,61031.55408,333.50576
181,Bhopal,Kids Room,30355.199999999997,11383.199999999999,31620.0,10416.0,0.0,0.0,7200.0,2880.0,0.0,0.0,127759.11429119999,343.43847927741933
182,Chennai,Kids Room,13464.000000000002,5049.0,14025.000000000002,4620.0,0.0,0.0,0.0,0.0,0.0,0.0,50581.253183999994,337.20835456
183,Coimbatore,Bathroom,7920.0,2970.0,12750.0,4200.0,0.0,0.0,0.0,0.0,0.0,0.0,37897.14432,252.6476288
184,Bangalore,Study,39705.600000000006,14889.6,43945.0,14476.0,0.0,0.0,8100.0,3240.0,0.0,0.0,169279.62853760005,327.4267476549324
185,Kanpur,Study,25920.0,9720.0,28687.5,9450.0,0.0,6311.25,0.0,0.0,0.0,0.0,109020.65076000002,290.72173536
186,Jaipur,Dining,13132.8,4924.8,14535.0,4788.0,0.0,0.0,0.0,0.0,0.0,0.0,50884.266988799995,282.69037216
187,Jaipur,Bedroom,29070.0,10901.25,30281.25,9975.0,0.0,6661.875,7695.0,3078.0,0.0,0.0,132942.71264399998,354.51390038399995
188,Chennai,Bedroom,17682.72,6631.02,18419.5,6067.6,0.0,0.0,7425.000000000001,2970.0000000000005,0.0,0.0,80580.21880832,409.03664369705587
189,Jaipur,Kitchen,9986.4,3744.8999999999996,11789.5,3883.6,0.0,2593.6899999999996,0.0,0.0,0.0,0.0,43557.33601631999,298.33791791999994
190,Bangalore,Living Room,12528.0,4698.0,12325.0,4060.0,0.0,0.0,0.0,0.0,0.0,0.0,45752.90652800001,315.5372864
191,Bhopal,Study,21504.0,8064.0,23800.0,7840.0,0.0,5544.0,0.0,0.0,0.0,0.0,90866.026496,324.52152320000005
192,Guwahati,Living Room,19267.2,7225.200000000001,18955.0,6244.0,0.0,4170.099999999999,9450.0,3780.0,0.0,0.0,94050.66619199999,421.7518663318385
193,Ahmedabad,Dining,31795.200000000004,11923.2,35190.0,11592.0,0.0,0.0,0.0,0.0,0.0,0.0,123193.48849920002,297.56881280000005
194,Bangalore,Kids Room,17544.0,6579.0,18275.0,6020.0,0.0,0.0,5850.0,2340.0,0.0,0.0,77057.526784,358.4071013209302
195,Surat,Kitchen,24048.0,9018.0,28390.0,9352.0,0.0,6613.200000000001,12150.0,4860.0,0.0,0.0,128544.2821376,384.8631201724551
196,Lucknow,Dining,24192.0,9072.0,26775.0,8820.0,0.0,0.0,6750.0,2700.0,0.0,0.0,106597.96963200001,338.4062528
197,Hyderabad,Dining,33384.96,12519.36,36949.5,12171.599999999999,0.0,0.0,0.0,0.0,0.0,0.0,129353.16292416002,342.20413472000007
198,Nagpur,Bedroom,17625.6,6609.599999999999,18360.0,6048.0,0.0,4276.8,0.0,0.0,0.0,0.0,72037.24416,333.50576
199,Vadodara,Kids Room,32307.071999999993,12115.152,33653.2,11085.76,0.0,7403.703999999999,0.0,0.0,0.0,0.0,131448.76066022398,325.36821945599996
200,Surat,Dining,35635.200000000004,13363.2,39440.0,12992.0,0.0,9187.2,7650.0,3060.0,0.0,0.0,165156.95284480002,355.9417087172414
